Longitud,Latitud,Valor
-69.48310,-17.59500,23.10000
-69.72440,-17.77190,18.70000
-69.70390,-17.83500,15.90000
-69.69940,-17.84280,6.10000
-69.65940,-17.99310,13.70000
-69.63310,-18.00360,7.90000
-69.20170,-18.05420,28.70000
-69.50920,-18.17690,16.10000
-69.23280,-18.18360,28.70000
-69.21420,-18.18580,23.60000
-69.55890,-18.19500,10.30000
-69.56030,-18.19920,7.90000
-69.26830,-18.20140,22.80000
-69.26830,-18.20420,15.60000
-69.29560,-18.21640,22.30000
-69.18330,-18.23530,26.50000
-69.13830,-18.28080,21.70000
-69.55190,-18.35190,8.10000
-69.54810,-18.37220,6.90000
-70.16920,-18.41030,0.00000
-69.51670,-18.46690,3.80000
-70.32080,-18.47750,0.40000
-69.15470,-18.49830,17.10000
-70.28420,-18.51190,0.30000
-69.56560,-18.51330,4.80000
-70.18060,-18.51560,0.80000
-69.49390,-18.58110,5.60000
-69.08440,-18.79390,17.80000
-70.15000,-18.81690,0.00000
-69.74390,-18.83220,1.20000
-69.53280,-18.94170,2.10000
-69.61970,-18.94310,0.50000
-69.11080,-19.09530,15.90000
-70.12690,-19.11170,0.00000
-69.24470,-19.11810,12.10000
-68.80440,-19.22890,6.60000
-68.63780,-19.27640,10.40000
-69.41720,-19.31360,3.50000
-69.18330,-19.68310,5.00000
-69.14330,-19.78310,3.80000
-69.27310,-19.80970,0.80000
-68.85440,-19.84720,7.40000
-68.60170,-19.85530,8.40000
-69.18310,-19.87190,6.20000
-68.83690,-19.93330,5.80000
-68.57060,-20.00030,7.70000
-69.20330,-20.01220,2.30000
-68.80750,-20.05310,7.50000
-69.27030,-20.06500,3.20000
-69.21470,-20.07560,3.70000
-69.74970,-20.13080,0.10000
-69.33970,-20.20330,0.10000
-70.13610,-20.21530,0.90000
-68.69420,-20.70860,9.90000
-69.04560,-20.92720,2.40000
-68.89220,-20.93030,6.50000
-68.62750,-20.97140,13.40000
-68.80190,-20.99610,15.20000
-68.24940,-21.22330,2.80000
-68.33860,-21.53110,2.90000
-68.66110,-21.65530,4.90000
-68.66220,-21.65580,12.70000
-69.53580,-21.66030,0.20000
-68.27560,-21.72530,5.40000
-69.51390,-21.85060,0.00000
-68.59640,-21.90530,4.00000
-68.53640,-21.93330,6.20000
-68.51750,-21.94280,3.70000
-68.72390,-21.95000,6.00000
-68.31280,-21.97060,4.40000
-68.02890,-22.01390,2.60000
-68.62420,-22.02500,2.80000
-68.62080,-22.02670,2.70000
-68.06610,-22.02780,6.20000
-70.18970,-22.07970,0.80000
-68.31670,-22.11470,3.20000
-68.02280,-22.22970,11.40000
-68.28810,-22.24080,5.00000
-68.17330,-22.25920,6.00000
-68.31830,-22.27530,2.90000
-68.20280,-22.28560,5.90000
-68.34470,-22.28940,6.00000
-68.21220,-22.33670,6.60000
-68.63670,-22.33780,1.80000
-68.01330,-22.37110,11.30000
-69.62250,-22.39390,0.30000
-68.90440,-22.44940,2.20000
-68.16580,-22.65220,7.70000
-69.32190,-22.88920,0.40000
-68.20030,-22.90530,3.60000
-67.99780,-23.18890,4.40000
-68.00940,-23.19360,5.40000
-67.88780,-23.31250,13.40000
-69.83970,-23.33360,-10.10000
-67.96310,-23.40690,7.00000
-67.89250,-23.58690,8.80000
-70.38670,-23.59750,3.70000
-68.05810,-23.68420,4.90000
-69.96330,-25.40000,5.70000
-70.48190,-25.40470,9.20000
-69.66560,-26.67810,27.10000
-70.81560,-27.06920,13.30000
-69.56420,-27.11420,25.00000
-70.33080,-27.37720,15.80000
-70.19530,-27.71670,24.90000
-70.12690,-27.80440,17.00000
-70.11190,-27.83170,29.40000
-69.75500,-27.83640,38.80000
-70.95750,-27.90220,27.00000
-70.00330,-27.97830,31.80000
-70.78110,-28.09920,30.40000
-69.97500,-28.13360,40.50000
-69.88080,-28.15720,48.60000
-71.22140,-28.46690,39.90000
-71.19310,-28.47250,35.10000
-71.08060,-28.50720,36.20000
-70.80810,-28.57610,36.50000
-70.73970,-28.58610,35.50000
-70.66250,-28.66720,42.20000
-70.50670,-28.73060,23.20000
-70.48170,-28.75390,46.10000
-70.28220,-28.87310,40.20000
-70.46140,-28.93110,51.70000
-70.11060,-28.95190,58.70000
-70.89360,-28.95440,39.10000
-70.15330,-28.97500,79.30000
-70.19860,-28.97970,60.90000
-70.18810,-28.98170,63.90000
-70.37780,-29.13830,53.60000
-71.11810,-29.37310,44.40000
-70.38470,-29.84780,55.30000
-71.25560,-29.90610,82.40000
-70.09440,-29.97690,90.20000
-70.56170,-29.97720,91.40000
-70.91860,-29.98220,81.70000
-70.58670,-29.99530,72.10000
-71.25920,-30.00220,109.10000
-70.71670,-30.05670,87.60000
-70.49390,-30.08940,69.20000
-70.49330,-30.12170,97.20000
-70.40470,-30.14140,90.90000
-70.49830,-30.14720,119.70000
-70.48190,-30.19390,134.50000
-70.04220,-30.20330,128.80000
-70.69610,-30.28670,117.10000
-70.61310,-30.36940,118.20000
-70.86780,-30.39220,112.90000
-70.93860,-30.40940,99.40000
-70.55440,-30.41110,130.70000
-71.06670,-30.48060,130.60000
-71.09970,-30.50690,103.50000
-71.20000,-30.60060,100.90000
-71.37420,-30.61640,115.90000
-71.11940,-30.63060,112.00000
-70.96080,-30.69140,136.60000
-71.03610,-30.69580,128.40000
-70.91780,-30.70250,107.50000
-70.77530,-30.72110,155.20000
-70.59390,-30.80580,201.80000
-70.97060,-30.81780,141.10000
-71.25000,-30.82780,144.70000
-70.70780,-30.85390,183.70000
-70.77080,-30.85470,184.70000
-71.30750,-30.88830,192.50000
-70.65110,-30.89330,223.60000
-71.55030,-30.90000,146.30000
-70.76390,-30.96690,200.80000
-71.08560,-31.00780,160.00000
-70.58110,-31.01170,187.80000
-70.66640,-31.01530,239.50000
-70.58580,-31.01810,260.70000
-70.95000,-31.08360,171.70000
-71.00080,-31.17360,193.40000
-71.45690,-31.39860,141.40000
-70.82110,-31.53310,181.80000
-70.83530,-31.55030,198.90000
-70.98170,-31.56690,188.30000
-71.44530,-31.58750,157.70000
-71.19080,-31.64500,156.10000
-71.25470,-31.66470,97.50000
-70.71580,-31.69580,135.80000
-70.83170,-31.72890,220.60000
-71.16190,-31.74500,162.50000
-71.10000,-31.75330,225.70000
-70.96690,-31.77580,215.50000
-70.60000,-31.81670,91.90000
-70.67060,-31.90000,225.00000
-70.77080,-31.90190,277.30000
-71.50860,-31.91030,216.80000
-71.13610,-31.93220,237.70000
-70.61330,-31.93360,237.40000
-71.07470,-31.94810,180.40000
-70.59440,-31.96670,183.60000
-71.15220,-32.03140,330.30000
-71.30720,-32.06080,294.40000
-71.22250,-32.06750,220.30000
-71.40610,-32.06860,292.00000
-70.80000,-32.08360,234.50000
-71.31250,-32.10860,216.20000
-71.50000,-32.11750,247.60000
-71.16280,-32.14440,262.40000
-71.03000,-32.15670,247.10000
-71.37220,-32.17280,302.70000
-70.78330,-32.18360,194.00000
-70.83940,-32.21500,179.20000
-70.71190,-32.22530,106.80000
-70.60440,-32.22560,249.00000
-70.78390,-32.22610,183.20000
-70.71000,-32.22860,207.20000
-71.13860,-32.25280,231.20000
-70.99970,-32.27560,179.20000
-70.98890,-32.27860,114.30000
-71.07920,-32.30580,217.80000
-71.24250,-32.30750,238.40000
-70.73810,-32.33000,138.60000
-70.75280,-32.34080,242.40000
-71.09310,-32.39140,235.70000
-71.37500,-32.39190,251.00000
-70.68080,-32.41860,271.80000
-70.91670,-32.42610,212.60000
-71.06060,-32.42670,229.50000
-71.20670,-32.43720,239.30000
-70.93190,-32.48560,217.00000
-70.57890,-32.49890,262.90000
-70.58110,-32.50170,180.10000
-71.12940,-32.53330,296.50000
-70.70000,-32.56690,210.10000
-70.86940,-32.58640,275.50000
-71.43220,-32.59190,242.90000
-71.19640,-32.65310,298.50000
-70.60000,-32.68360,205.80000
-70.93420,-32.73440,219.40000
-70.72470,-32.74720,185.20000
-70.73670,-32.75720,135.80000
-71.26530,-32.81190,359.10000
-70.60000,-32.83360,237.90000
-71.02560,-32.84030,191.10000
-70.50940,-32.85030,201.70000
-71.11670,-32.85060,349.40000
-70.47190,-32.86030,304.40000
-71.20920,-32.89580,310.50000
-70.35530,-32.92280,423.80000
-70.81780,-32.93190,216.80000
-70.80640,-32.94720,283.30000
-70.75360,-32.94750,261.10000
-71.34500,-32.95780,371.50000
-70.99330,-33.00530,501.50000
-70.90810,-33.01940,342.20000
-71.58330,-33.05030,425.90000
-71.10000,-33.05060,411.10000
-70.76860,-33.07580,176.30000
-70.80170,-33.08560,195.00000
-70.92780,-33.08690,304.70000
-71.21440,-33.09860,468.30000
-71.55530,-33.14500,632.90000
-71.34280,-33.15420,364.80000
-71.14670,-33.16860,561.00000
-71.29140,-33.28970,367.70000
-71.41310,-33.32780,331.00000
-70.52860,-33.32920,413.00000
-70.36360,-33.34140,190.70000
-70.36360,-33.34140,403.20000
-70.45080,-33.37030,265.30000
-70.39610,-33.37330,190.30000
-70.53670,-33.39500,338.70000
-70.53440,-33.43280,349.60000
-71.02560,-33.43860,302.30000
-71.45060,-33.43940,326.20000
-70.64440,-33.44860,262.50000
-71.28110,-33.47970,330.30000
-70.13420,-33.49000,119.90000
-70.81670,-33.49610,171.80000
-70.51640,-33.49640,374.30000
-70.51440,-33.50170,243.40000
-70.26170,-33.53110,332.10000
-70.81670,-33.55030,256.20000
-71.10610,-33.56970,284.10000
-71.62500,-33.57470,358.50000
-70.48530,-33.59140,516.30000
-70.37920,-33.59390,233.40000
-71.51060,-33.63440,376.10000
-70.35310,-33.63610,455.60000
-71.33720,-33.66140,258.20000
-70.58690,-33.67360,379.30000
-70.08860,-33.67670,465.50000
-71.19970,-33.68030,355.40000
-70.92360,-33.69580,333.70000
-70.33420,-33.70670,455.60000
-71.55500,-33.72190,180.50000
-70.30080,-33.73470,274.90000
-71.15140,-33.75970,398.40000
-70.23940,-33.78250,530.20000
-70.87830,-33.80440,355.10000
-70.20890,-33.80560,284.40000
-70.21720,-33.81640,656.20000
-71.66310,-33.86220,396.60000
-70.87750,-33.88580,457.70000
-71.24080,-33.89080,419.50000
-70.19810,-33.89940,652.10000
-71.73360,-33.94580,491.60000
-71.09440,-34.03500,424.50000
-70.70830,-34.05560,541.00000
-71.18860,-34.08330,418.80000
-71.10000,-34.11670,574.40000
-71.72580,-34.12060,626.50000
-70.75080,-34.19080,343.40000
-71.27640,-34.20330,456.90000
-70.55060,-34.24030,347.20000
-70.32810,-34.24670,657.40000
-70.61530,-34.25830,662.80000
-71.37170,-34.27310,262.00000
-71.40580,-34.28720,475.20000
-71.08000,-34.28750,577.90000
-70.37640,-34.34640,583.10000
-72.00440,-34.38440,424.00000
-70.86670,-34.42170,459.20000
-70.77940,-34.43690,509.10000
-71.05060,-34.45170,543.20000
-70.70940,-34.49220,748.10000
-71.21220,-34.52640,635.30000
-71.76530,-34.57420,493.20000
-70.96860,-34.59830,613.00000
-71.35000,-34.61690,769.40000
-70.82670,-34.71860,427.00000
-70.75190,-34.74280,914.40000
-71.13310,-34.76940,579.40000
-71.41420,-34.78080,687.80000
-71.62890,-34.80560,583.20000
-71.74860,-34.86610,575.80000
-71.03530,-34.91140,666.60000
-71.58560,-34.95140,535.70000
-70.91780,-34.96330,1043.10000
-71.23610,-34.98110,556.60000
-72.01000,-34.98440,515.70000
-70.82060,-34.99610,842.00000
-70.81190,-35.00080,1074.40000
-71.29060,-35.04220,538.10000
-71.61390,-35.09690,458.90000
-70.97470,-35.12420,1119.60000
-71.09780,-35.18330,891.80000
-72.28330,-35.21830,665.00000
-71.98000,-35.24390,670.00000
-71.32390,-35.25780,596.30000
-71.01560,-35.27440,769.50000
-71.52330,-35.30640,568.50000
-71.09830,-35.31310,1020.50000
-72.40890,-35.32420,570.90000
-71.83250,-35.37250,509.30000
-71.78330,-35.40060,592.80000
-72.20830,-35.40690,683.90000
-71.04310,-35.41890,1453.40000
-71.66060,-35.41940,509.50000
-71.61970,-35.43580,509.30000
-71.73330,-35.45250,443.30000
-71.29310,-35.48640,822.20000
-71.31830,-35.49250,726.50000
-72.09140,-35.53890,689.20000
-71.08690,-35.59310,1447.30000
-71.65720,-35.59500,644.00000
-71.76780,-35.61690,465.40000
-71.40220,-35.62420,843.40000
-71.26060,-35.63810,1179.20000
-71.94610,-35.66140,546.70000
-71.07720,-35.70110,1959.30000
-71.11390,-35.70610,1463.10000
-72.18690,-35.78250,541.20000
-71.76640,-35.78560,639.40000
-71.59530,-35.83810,725.70000
-71.06670,-35.85000,1819.80000
-71.11720,-35.86720,1799.70000
-71.01920,-35.88420,1047.40000
-72.37360,-35.89670,767.50000
-71.29810,-35.90860,1102.10000
-71.29580,-35.91060,1317.70000
-71.68420,-35.94780,772.40000
-71.91220,-35.98440,537.00000
-72.08920,-36.05720,582.30000
-71.39080,-36.07580,1252.40000
-71.61560,-36.11280,824.00000
-72.42140,-36.11280,679.10000
-71.82830,-36.18780,754.10000
-71.45690,-36.23030,1084.10000
-72.34280,-36.23530,676.90000
-71.54810,-36.25580,1235.50000
-71.41420,-36.28500,1739.20000
-72.04000,-36.31830,719.30000
-71.64940,-36.35810,1181.80000
-71.62330,-36.37580,663.10000
-72.39440,-36.42140,735.10000
-72.69110,-36.46690,520.70000
-72.68830,-36.47500,723.20000
-72.42830,-36.52750,579.30000
-72.93110,-36.54560,810.50000
-71.52470,-36.58360,1469.10000
-71.52560,-36.58560,983.70000
-72.10030,-36.59670,506.30000
-72.10000,-36.61470,827.60000
-72.12670,-36.63190,817.40000
-72.84890,-36.63640,1152.00000
-72.95030,-36.63940,596.20000
-71.79890,-36.64080,1182.60000
-71.39500,-36.65110,1874.20000
-72.45610,-36.65440,810.00000
-71.32780,-36.65830,1595.70000
-71.29890,-36.67310,1710.20000
-72.57940,-36.70780,720.10000
-72.42390,-36.76220,876.90000
-72.89220,-36.79250,875.40000
-71.66080,-36.80000,1233.00000
-72.93920,-36.81310,963.80000
-71.89440,-36.81890,1190.20000
-73.01640,-36.82030,696.40000
-73.10000,-36.83330,892.10000
-73.06190,-36.83860,659.80000
-71.64250,-36.86860,1666.10000
-71.47920,-36.91080,1617.10000
-71.58140,-36.91750,1858.50000
-71.57560,-36.92440,1216.80000
-71.57560,-36.92470,1856.40000
-72.35280,-36.93190,843.40000
-72.10080,-36.97640,969.30000
-72.94140,-36.98250,573.20000
-71.76500,-37.11140,1424.50000
-72.06690,-37.15280,1103.10000
-72.32420,-37.21190,361.20000
-73.24310,-37.25530,952.00000
-72.71640,-37.27720,854.10000
-71.82280,-37.28060,1303.80000
-71.98360,-37.28360,949.70000
-71.95190,-37.29360,1212.90000
-72.36610,-37.38060,823.60000
-72.32720,-37.45610,572.70000
-73.33690,-37.48330,1104.20000
-73.33170,-37.48500,1507.80000
-73.34420,-37.48780,1052.60000
-72.40830,-37.50220,840.50000
-71.76560,-37.50810,1514.10000
-72.33220,-37.53360,833.30000
-72.31190,-37.54220,465.10000
-72.59030,-37.55030,444.60000
-72.32060,-37.58580,861.70000
-72.27690,-37.59530,876.40000
-71.71360,-37.65110,1604.20000
-72.00580,-37.68500,1168.80000
-71.82360,-37.70920,1030.90000
-71.90170,-37.71060,1099.90000
-72.24360,-37.71470,972.80000
-72.63720,-37.77940,893.60000
-71.86640,-37.77970,1593.60000
-73.39140,-37.79830,954.30000
-73.39220,-37.81310,745.60000
-72.65000,-37.81720,733.00000
-72.96060,-37.82330,1166.40000
-72.21970,-37.83060,1257.70000
-71.98670,-37.88000,1839.10000
-71.59610,-37.91830,2185.40000
-72.42560,-37.95830,1032.70000
-72.43610,-37.96470,689.60000
-71.99720,-37.99720,1616.50000
-73.23000,-38.01860,1081.70000
-73.00670,-38.02140,767.90000
-72.46110,-38.04420,952.20000
-71.43440,-38.05830,1329.30000
-72.11360,-38.10530,1493.10000
-72.90390,-38.16360,804.90000
-71.29890,-38.20080,1347.90000
-71.81060,-38.21560,2291.70000
-72.22890,-38.24610,1086.60000
-72.65360,-38.25610,777.60000
-73.49220,-38.34330,1417.70000
-72.77720,-38.41330,704.60000
-72.37750,-38.42110,908.30000
-72.01060,-38.42500,1084.00000
-72.01060,-38.43030,1002.10000
-71.89610,-38.44750,1144.70000
-71.37420,-38.45360,1056.40000
-71.69920,-38.46310,1627.00000
-72.38670,-38.46420,912.80000
-71.57530,-38.47030,1429.70000
-73.24080,-38.49420,1322.40000
-72.45220,-38.51860,906.90000
-72.84560,-38.60390,752.90000
-72.84780,-38.60810,466.10000
-71.09190,-38.65170,637.40000
-72.23390,-38.66720,1197.60000
-72.00000,-38.68390,1581.00000
-72.50280,-38.68670,689.80000
-72.55580,-38.71280,830.50000
-73.14750,-38.71280,752.20000
-72.59280,-38.72830,914.40000
-72.59000,-38.74250,557.90000
-72.94690,-38.78000,601.30000
-73.39360,-38.78860,835.10000
-71.55000,-38.85060,1491.40000
-72.01250,-38.92690,1313.30000
-72.62060,-38.95530,1178.70000
-72.20060,-38.95860,1454.50000
-72.60830,-38.95920,1118.50000
-72.62640,-38.96670,1185.50000
-72.06670,-39.00060,1409.30000
-73.08280,-39.01440,862.10000
-73.07810,-39.02780,1061.00000
-72.65030,-39.15060,1617.30000
-71.72310,-39.16670,2093.80000
-71.80890,-39.20000,2286.20000
-73.20030,-39.20060,1438.20000
-72.29170,-39.21500,1560.80000
-71.83560,-39.23670,2433.40000
-71.95030,-39.27530,1417.60000
-71.93330,-39.30060,1523.00000
-71.80830,-39.33140,2402.00000
-71.57440,-39.35810,1830.00000
-72.64170,-39.37000,1400.60000
-72.16530,-39.46810,1734.60000
-72.69080,-39.47810,967.40000
-72.23390,-39.48750,1763.00000
-71.54780,-39.51920,2330.70000
-72.15190,-39.54690,1452.50000
-72.89890,-39.55220,1108.90000
-72.00530,-39.57440,1891.60000
-72.74220,-39.70780,1288.00000
-71.85060,-39.72720,1907.50000
-72.45810,-39.77310,1633.10000
-72.90250,-39.80440,1088.70000
-73.25170,-39.81030,1608.00000
-71.98720,-39.81890,2540.30000
-73.17860,-39.85610,1422.40000
-71.88890,-39.87190,2864.30000
-71.88970,-39.87470,2758.10000
-71.72190,-40.02250,1859.20000
-72.61690,-40.06720,1248.00000
-73.16890,-40.16580,1419.50000
-73.43110,-40.19330,2995.00000
-72.14920,-40.21720,1983.70000
-73.08330,-40.26670,548.80000
-73.43330,-40.31420,1304.30000
-72.46920,-40.31720,1337.50000
-73.10690,-40.58830,864.60000
-72.18440,-40.65530,1390.50000
-73.22780,-40.71360,874.60000
-72.44000,-40.72310,1161.20000
-72.68390,-40.77330,1123.10000
-72.68890,-40.78890,922.60000
-73.13720,-40.93670,928.20000
-73.06110,-41.12670,1057.50000
-73.41110,-41.15330,1147.20000
-72.56810,-41.22690,1574.10000
-72.59580,-41.41720,1984.20000
-72.57640,-41.42970,1623.00000
-72.93780,-41.46000,1177.70000
-73.60000,-41.61530,1137.40000
-72.31170,-41.65110,1859.00000
-73.81920,-41.86250,1456.20000
-72.43500,-41.93830,2104.00000
-73.97420,-42.04640,1696.30000
-73.47310,-42.14080,1451.00000
-73.77440,-42.45810,1283.80000
-74.10810,-42.61860,1267.00000
-73.77280,-42.62280,841.20000
-72.71080,-42.91470,1994.80000
-73.61190,-43.10860,1038.30000
-72.43080,-43.17500,2778.00000
-71.93060,-43.21580,1751.80000
-72.36580,-43.41280,1844.10000
-72.35360,-43.46830,2205.30000
-71.78390,-43.61750,1028.90000
-72.95470,-43.77170,1836.00000
-72.40560,-43.97080,1353.20000
-72.31610,-44.04830,1555.70000
-71.84610,-44.23940,1095.30000
-72.55970,-44.32280,1933.40000
-71.30640,-44.49750,216.90000
-71.67360,-44.64720,540.40000
-72.26610,-44.66530,1346.70000
-72.68140,-44.72780,2049.00000
-73.51640,-45.15530,1294.10000
-72.14780,-45.17330,962.40000
-71.52920,-45.26690,301.40000
-71.70920,-45.27060,358.80000
-71.98220,-45.37190,482.60000
-72.70000,-45.40060,1555.90000
-72.48780,-45.40360,1129.70000
-72.62310,-45.40580,1110.30000
-72.81780,-45.46440,1652.70000
-71.60440,-45.48030,219.30000
-72.05890,-45.55110,533.00000
-72.06810,-45.55170,471.70000
-72.02860,-45.57390,564.60000
-71.72110,-45.88530,485.90000
-72.15390,-46.12060,386.90000
-71.99080,-46.26920,290.90000
-71.93360,-46.28920,434.10000
-72.66860,-46.46190,756.10000
-71.70890,-46.54360,208.10000
-72.70080,-46.84280,523.30000
-72.48440,-47.11640,147.40000
-73.08690,-47.13780,548.70000
-72.72580,-47.14140,466.40000
-72.56440,-47.25170,494.70000
-73.11470,-47.33920,573.20000
-73.53580,-47.79970,1220.70000
-73.08890,-48.15920,994.40000
-72.55890,-48.46920,445.90000
-72.59530,-48.51690,685.70000
-72.73940,-48.87750,428.40000
-73.11720,-48.92720,132.60000
-73.11250,-50.82280,343.60000
-72.90470,-50.84140,255.50000
-72.33140,-50.89860,131.00000
-72.79250,-50.96030,295.60000
-72.71060,-51.01080,188.10000
-72.51690,-51.05080,116.50000
-72.99330,-51.07830,401.60000
-73.13000,-51.11140,331.30000
-72.96690,-51.18420,343.00000
-72.32720,-51.26000,172.40000
-73.10920,-51.33280,790.10000
-72.32970,-51.69750,140.10000
-72.47810,-51.73360,225.10000
-72.15920,-51.82330,222.20000
-71.94140,-52.03000,182.70000
-70.73330,-52.03420,116.80000
-71.94190,-52.03890,221.00000
-71.42470,-52.05110,165.00000
-72.43610,-52.09110,359.40000
-69.60780,-52.16440,105.30000
-71.68060,-52.20920,441.60000
-72.47830,-52.20940,565.80000
-71.40220,-52.44140,174.80000
-71.96030,-52.54860,269.00000
-71.97470,-52.54920,242.20000
-70.07060,-52.56640,128.00000
-71.50190,-52.60420,185.20000
-71.96310,-52.65140,315.00000
-69.27720,-52.76810,123.30000
-69.29280,-52.77640,117.40000
-71.76420,-52.84250,540.70000
-69.93190,-52.86970,179.10000
-71.57060,-52.88190,221.90000
-71.00250,-53.09190,286.30000
-70.87720,-53.12330,276.00000
-70.93580,-53.12500,336.20000
-70.98750,-53.13810,448.70000
-71.05610,-53.13970,380.40000
-70.98310,-53.14420,425.10000
-70.98310,-53.14440,244.50000
-71.08330,-53.18420,373.90000
-70.37000,-53.29080,160.70000
-69.26750,-53.30560,128.90000
-68.66140,-53.32170,141.80000
-71.24970,-53.40250,420.70000
-69.65060,-53.63690,193.90000
-70.96670,-53.65000,341.20000
-70.95780,-53.65140,378.40000
-69.18920,-53.75940,192.00000
-69.99890,-53.85860,243.30000
-68.88440,-53.89280,120.70000
-68.91830,-53.89670,188.90000
-70.07810,-53.99640,434.30000
-68.79970,-54.04970,221.60000
-68.95780,-54.05330,232.10000
-68.82420,-54.33780,373.30000
-68.82440,-54.50280,701.80000
-68.32360,-54.92560,158.30000
-67.63920,-54.94690,257.40000
-67.67440,-54.97690,188.60000
-67.07580,-55.08220,428.10000
-70.33580,-18.35140,1.20000
-70.17860,-20.53970,0.60000
-70.44110,-23.45030,2.90000
-70.77420,-27.26390,12.50000
-71.20110,-29.91750,75.70000
-70.68280,-33.44500,270.80000
-71.21670,-34.96640,562.50000
-72.04000,-36.58720,832.40000
-73.06220,-36.77920,904.40000
-72.63690,-38.77000,853.10000
-73.08080,-39.65060,1401.40000
-73.06080,-40.60500,950.60000
-73.09780,-41.43500,1115.00000
-72.66390,-45.39610,1480.10000
-72.10860,-45.59390,749.20000
-71.69420,-45.91280,382.40000
-71.69280,-46.58080,205.90000
-72.58640,-47.24390,430.30000
-70.84500,-53.00330,200.70000
-67.61560,-54.93170,234.50000
-58.96420,-62.19970,255.40000
-68.90720,-22.49890,3.70000
-109.42700,-27.16060,647.30000
-70.79440,-33.39190,212.60000
-70.54780,-33.45440,285.50000
-78.83500,-33.63670,772.80000
-71.61420,-33.65500,404.80000
-72.42250,-37.40280,1006.30000
-72.70080,-42.93030,2233.80000
-71.85250,-43.18890,1382.90000
-71.80530,-43.61170,1083.10000
-72.52890,-51.66720,205.10000
-70.32030,-53.18750,136.80000
-81.71700,12.58300,970.30000
-74.78100,10.89000,502.00000
-75.51300,10.44200,357.20000
-67.65000,10.25000,717.70000
-67.33300,9.91700,918.10000
-66.00000,9.23300,742.00000
-71.18300,8.60000,1041.40000
-67.42000,7.68000,1179.50000
-73.18500,7.12700,533.20000
-73.80700,7.02400,1462.50000
-58.25000,6.50000,1154.70000
-75.59100,6.22000,901.90000
-67.50000,6.16700,1582.20000
-75.42300,6.16500,1035.40000
-54.03300,5.50000,1124.10000
-55.18800,5.45300,1165.50000
-52.36700,4.83300,1927.70000
-75.74000,4.81300,905.70000
-74.15000,4.70100,422.60000
-70.91700,4.55000,1908.20000
-73.61400,4.16800,2384.60000
-51.80000,3.88300,1355.50000
-76.38300,3.55000,385.40000
-61.13300,1.83300,1369.80000
-77.26700,1.41700,443.40000
-47.38300,-0.61700,1312.80000
-79.46700,-1.10000,620.00000
-48.47600,-1.37900,1182.50000
-54.71700,-2.43300,1014.80000
-80.38100,-3.55300,77.20000
-73.30000,-3.78300,1387.40000
-32.41700,-3.85000,801.10000
-69.94300,-4.19300,1134.10000
-81.25400,-4.57700,93.80000
-42.81700,-5.05000,385.30000
-80.61600,-5.20600,108.80000
-76.36700,-6.50000,383.80000
-79.82800,-6.78700,11.70000
-34.86700,-7.10000,1353.20000
-35.88300,-7.21700,522.10000
-38.13300,-7.85000,669.00000
-79.10900,-8.08100,3.60000
-74.57400,-8.37800,463.40000
-36.51700,-8.88300,557.10000
-38.21700,-9.40000,287.20000
-35.78300,-9.51700,1152.90000
-56.10000,-9.86700,477.80000
-65.34900,-10.81700,371.90000
-77.11400,-12.02200,16.50000
-69.22900,-12.61400,530.20000
-43.41700,-13.26700,85.30000
-71.93900,-13.53600,87.40000
-76.22000,-13.74500,15.90000
-64.91800,-14.81900,452.30000
-42.75000,-15.08300,73.30000
-70.15800,-15.46700,61.60000
-57.68300,-16.05000,238.80000
-71.56700,-16.33200,30.10000
-68.19200,-16.51300,113.70000
-43.86700,-16.71700,68.40000
-46.86700,-17.21700,173.60000
-66.18000,-17.42000,60.50000
-63.13500,-17.64500,380.30000
-39.25000,-17.73300,955.40000
-70.27600,-18.05300,11.00000
-46.51700,-18.60000,171.80000
-57.50000,-19.08300,286.60000
-46.93300,-19.56700,223.50000
-45.98300,-20.00000,190.60000
-58.16700,-20.23000,289.10000
-49.98300,-20.41700,271.60000
-48.96700,-21.13300,189.70000
-41.88300,-21.20000,207.60000
-43.35000,-21.76700,208.20000
-60.60000,-22.01700,177.80000
-41.05000,-22.05000,271.40000
-51.38300,-22.11700,294.70000
-49.11700,-22.31700,230.80000
-47.13300,-23.00000,351.20000
-51.13300,-23.33300,569.70000
-57.41700,-23.43000,464.50000
-46.65000,-23.61700,309.90000
-65.09800,-24.39300,136.00000
-65.48300,-24.85000,72.90000
-57.51900,-25.24000,462.50000
-48.51700,-25.51700,536.70000
-54.60000,-25.53300,816.90000
-54.48700,-25.59600,596.00000
-54.46700,-25.73300,802.60000
-58.22800,-26.21300,453.30000
-55.90000,-27.30000,782.00000
-55.97100,-27.38600,592.40000
-59.05000,-27.45000,412.40000
-59.70000,-29.18300,362.00000
-57.15200,-29.68900,514.90000
-57.03300,-29.78300,526.30000
-57.58300,-30.26700,582.00000
-57.65000,-30.26700,550.50000
-56.52000,-30.40000,635.80000
-55.47600,-30.97500,713.70000
-57.99700,-31.29700,506.60000
-64.21700,-31.31700,159.70000
-57.96700,-31.43300,530.90000
-55.98300,-31.70000,610.00000
-58.03300,-32.33300,493.40000
-54.18300,-32.35000,529.70000
-57.63300,-32.68300,523.60000
-56.51700,-32.80000,569.50000
-68.78300,-32.83300,75.20000
-60.78500,-32.90400,275.30000
-54.38300,-33.21700,633.90000
-58.06700,-33.25000,415.20000
-56.50000,-33.35000,518.70000
-57.77100,-34.45600,405.70000
-54.30000,-34.48300,552.60000
-60.93100,-34.54600,258.40000
-58.53600,-34.82200,378.00000
-56.03100,-34.83800,508.60000
-57.58300,-37.93300,304.00000
-62.16700,-38.73300,296.20000
-71.15800,-41.15100,578.20000
-71.15000,-42.93300,322.20000
-65.26600,-43.20000,131.90000
172.53200,-43.48900,304.30000
147.14500,-43.48920,527.10000
146.90000,-43.60000,678.80000
146.27100,-43.65780,740.10000
-176.56700,-43.95000,456.70000
-67.50000,-45.78300,176.90000
168.33300,-46.41700,493.10000
51.85000,-46.43300,1013.30000
37.86700,-46.88300,1043.60000
-67.80300,-49.30700,150.50000
70.25000,-49.35000,374.80000
166.30000,-50.48300,405.50000
-69.28300,-51.61700,127.40000
-58.44700,-51.82300,251.40000
169.16700,-52.55000,650.40000
158.93700,-54.49900,492.30000
-44.73300,-60.73300,704.50000
-58.88300,-62.18300,291.80000
-58.98300,-62.18300,258.20000
-59.68300,-62.50000,241.60000
76.38300,-69.38300,143.70000
166.73300,-77.88330,82.50000
-119.53300,-80.01670,33.50000
0.00000,-90.00000,0.20000
